codice-isi,codice-sbn,denominazi,indirizzo,frazione,cap,comune,codice ist,provincia,regione,codice i_1,telefono,fax,email,url,geometry
IT-TO0071,TO0D8,Biblioteca provinciale di filosofia San Tommaso d'Aquino,Via Rosario di Santa Fé 7,,10134.0,Torino,1272,Torino,PIEMONTE,1,+39 011.3133162,+39 011.3133163,TO0071@biblioteche.reteunitaria. piemonte.it,http://http://www.domenicani.it/studio/biblioteca-filosofia-s-tommaso-daquino,POINT (7.650277099999999 45.0351306)
IT-TO0239,BCTTE,Biblioteca civica Alberto Geisser,Corso Casale 5,,10131.0,Torino,1272,Torino,PIEMONTE,1,+39 01101137570,+39 01101137580,biblioteca.geisser@comune.torino.it,http://www.comune.torino.it/cultura/biblioteche/sedi_orari/geisser.shtml,POINT (7.70443486483464 45.0655411761049)
IT-TO0240,BCT01,Biblioteca civica centrale,Via della Cittadella 5,,10122.0,Torino,1272,Torino,PIEMONTE,1,+39 01101129812,+39 01101129830,biblioteca.centrale@comune.torino.it,http://www.comune.torino.it/cultura/biblioteche/sedi_orari/civica_centrale.shtml,POINT (7.67366624788519 45.07479626028621)
IT-TO0243,,Biblioteca del Cottolengo - Seminario Tommasini - Piccola Casa della Divina Provvidenza,Via Cottolengo 14,,10152.0,Torino,1272,Torino,PIEMONTE,1,+39 0115225683,,,,POINT (7.680751 45.0791131)
IT-TO0244,UTOVE,Biblioteca del Conservatorio statale di musica Giuseppe Verdi,"Via San Francesco da Paola, 27",,10123.0,Torino,1272,Torino,PIEMONTE,1,+39 0118138122,+39 011885165,biblioteca@conservatoriotorino.eu,http://www.conservatoriotorino.gov.it/biblioteca/,POINT (7.68532204788517 45.0628789099461)
IT-TO0245,,Biblioteca del Comitato glaciologico italiano,Via Accademia delle scienze 5,,10123.0,Torino,1272,Torino,PIEMONTE,1,,,,,POINT (7.6847918 45.06879470000001)
IT-TO0249,TO048,Biblioteca del Centro teologico,"Corso Stati Uniti, 11 H",,10128.0,Torino,1272,Torino,PIEMONTE,1,+39 011.5629760,+39 011.5629259,to0249@biblioteche.reteunitaria.piemonte.it,www.centroteologico.it,POINT (7.6729843 45.0619456)
IT-TO0250,UTO95,Biblioteca del Centro studi Piero Gobetti,Via A. Fabro 6,,10122.0,Torino,1272,Torino,PIEMONTE,1,+39 011531429,,biblioteca@centrogobetti.it,www.centrogobetti.it,POINT (7.6748088 45.0732203)
IT-TO0252,,Biblioteca del Centro internazionale di sindonologia,Via San Domenico 28,,10122.0,Torino,1272,Torino,PIEMONTE,1,+39 0114365832,+39 0114365832,,,POINT (7.6765039 45.07606370000001)
IT-TO0253,,Biblioteca del Centro europeo di studi e informazioni.,Via Schina 26,,10144.0,Torino,1272,Torino,PIEMONTE,1,+39 0114732843,+39 0114732843,,,POINT (7.664186999999999 45.0789021)
IT-TO0257,TO065,Biblioteca d'arte dei musei civici di Torino,Via Magenta 31,,10128.0,Torino,1272,Torino,PIEMONTE,1,+39 0114429585,+39 0114429519,biblioteca@fondazionetorinomusei.it,http://www.fondazionetorinomusei.it/it/servizi-al-pubblico/biblioteca-d%E2%80%99arte,POINT (7.66920890000006 45.0649441)
IT-TO0258,BCT75,Biblioteca civica musicale Andrea della Corte,Corso Francia 186,,10145.0,Torino,1272,Torino,PIEMONTE,1,+39 01101138350,,biblioteca.musicale@comune.torino.it,http://www.comune.torino.it/cultura/biblioteche/sedi_orari/musicale.shtml,POINT (7.63873720000004 45.0755049)
IT-TO0261,TO085,Bibliomediateca Mario Gromo del Museo nazionale del cinema,via Matilde Serao 8/A,,10141.0,Torino,1272,Torino,PIEMONTE,1,+39 0118138599,+39 0118138595,bibliomediateca@museocinema.it,www.museocinema.it,POINT (7.6339041 45.0653451)
IT-TO0262,,Biblioteca della Scuola di applicazione,Via Arsenale 22,,10121.0,Torino,1272,Torino,PIEMONTE,1,+39 011534526,+39 011512273,,,POINT (7.6784829 45.0664481)
IT-TO0263,TO007,Biblioteca Reale,Piazza Castello 191,,10122.0,Torino,1272,Torino,PIEMONTE,1,+39 01119211630,+39 0115178259,b-real@beniculturali.it,https://www.museireali.beniculturali.it/biblioteca-reale/,POINT (7.68617770000003 45.0717088)
IT-TO0264,TO084,Biblioteca provinciale dei Frati minori cappuccini,"Monte dei Cappuccini - Piazzale Monte dei Cappuccini, 3",,10131.0,Torino,1272,Torino,PIEMONTE,1,+39 011.3053675,+39 011.3053675,to0264@biblioteche.ruparpiemonte.it,http://www.cappuccinipiemonte.com/biblioteca-provinciale/,POINT (7.697453599999999 45.0597193)
IT-TO0265,BMT01,Biblioteca Nazionale Universitaria,Piazza Carlo Alberto 3,,10123.0,Torino,1272,Torino,PIEMONTE,1,+39 0118101113,+39 0118121021,bu-to.segreteria@beniculturali.it,http://www.bnto.librari.beniculturali.it,POINT (7.6871678 45.06987520000001)
IT-TO0266,TO073,Biblioteca nazionale del Club alpino italiano - CAI,"Salita al CAI Torino, 12",Monte dei Cappuccini,10131.0,Torino,1272,Torino,PIEMONTE,1,+39 0116603849,+39 0116314070,biblioteca@cai.it,http://www.cai.it/index.php?id=1044&L=0,POINT (7.697453599999999 45.0597193)
IT-TO0267,,Biblioteca Michelin sport club,Corso Umbria 59,,10144.0,Torino,1272,Torino,PIEMONTE,1,+39 0114326324,+39 0114730749,,,POINT (7.6645148 45.0887758)
IT-TO0269,BCTTF,Biblioteca civica Don Lorenzo Milani,"Via dei Pioppi, 43",,10156.0,Torino,1272,Torino,PIEMONTE,1,+39 01101132619,+39 01101132618,biblioteca.donmilani@comune.torino.it,http://www.comune.torino.it/cultura/biblioteche/sedi_orari/falchera.shtml,POINT (7.711971495523129 45.1270374643517)
IT-TO0270,BCTTA,Biblioteca civica Villa Amoretti,"Corso Orbassano, 200",,10137.0,Torino,1272,Torino,PIEMONTE,1,+39 01101138604,+39 01101138619,biblioteca.amoretti@comune.torino.it,http://www.comune.torino.it/cultura/biblioteche/sedi_orari/amoretti.shtml,POINT (7.6387632 45.0423323)
IT-TO0273,BMT02,Biblioteca della Soprintendenza Archivistica e bibliografica del Piemonte e della Valle d'Aosta,Via S. Chiara 40/h,,10122.0,Torino,1272,Torino,PIEMONTE,1,+39 0114362050,+39 0114361117,inf.sopr@inrete.it,http://www.sato-archivi.it/Sito/,POINT (7.6760849 45.0769429)
IT-TO0274,,Biblioteca e centro di documentazione sulle organizzazioni internazionali Franco A. Casadio,Corso Unità d'Italia 125,,10127.0,Torino,1272,Torino,PIEMONTE,1,+39 0116936517,+39 011638842,,,POINT (7.6699705 45.0213248)
IT-TO0275,,Biblioteca tecnica Italgas,Via XX Settembre 41,,10121.0,Torino,1272,Torino,PIEMONTE,1,+39 0112394666,+39 0112394851,,,POINT (7.68115 45.068256)
IT-TO0277,TO006,Biblioteca storica della Provincia di Torino,Via Maria Vittoria 12,,10123.0,Torino,1272,Torino,PIEMONTE,1,+39 0118612601,,biblioteca_storica@provincia.torino.it,http://www.provincia.torino.it/urp/sportelli/biblioteca,POINT (7.685678999999999 45.0674313)
IT-TO0280,UTO09,Biblioteca della Fondazione Luigi Einaudi,Via Principe Amedeo 34,,10123.0,Torino,1272,Torino,PIEMONTE,1,+39 011835656,+39 0118179093,to0280@biblioteche.reteunitaria.piemonte.it,http://www.fondazioneeinaudi.it,POINT (7.6905539 45.0665958)
IT-TO0282,,Biblioteca della Famija Turineisa,Via Po 43,,10124.0,Torino,1272,Torino,PIEMONTE,1,+39 0118178108,,,,POINT (7.692205599999999 45.0669084)
IT-TO0304,TO076,Biblioteca della Deputazione subalpina di storia patria,Via Principe Amedeo 5,,10123.0,Torino,1272,Torino,PIEMONTE,1,+39 011537226,,,,POINT (7.688266800000001 45.0674844)
IT-TO0305,RMG15,Biblioteca della Corte di appello di Torino,"Corso Vittorio Emanuele, 130",,10138.0,Torino,1272,Torino,PIEMONTE,1,+39 0114327670,+39 0114327671,biblioteca.ca.torino@giustizia.it,http://www.giustizia.piemonte.it/biblio.aspx,POINT (7.659721 45.06960529999999)
IT-TO0306,TO067,Biblioteca Emanuele Artom della Comunita' ebraica,"Piazzetta Primo Levi, 12",,10125.0,Torino,1272,Torino,PIEMONTE,1,+39 011658585,+39 0116691173,,,POINT (7.781288099999999 45.1395919)
IT-TO0313,UTOD5,"Biblioteca del Dipartimento di Filosofia e Scienze dell'Educazione - sezione Scienze dell'Educazione, Università degli Studi di Torino",Via Gaudenzio Ferrari 9,,10124.0,Torino,1272,Torino,PIEMONTE,1,+39 0116703181,,biblioteca.educazione@unito.it,http://www.bibliotecadfe.unito.it/,POINT (7.693886200000001 45.06914879999999)
IT-TO0319,,Biblioteca dell'Associazione pro cultura femminile,Via Accademia Albertina 40,,10122.0,Torino,1272,Torino,PIEMONTE,1,+39 011885234,,,,POINT (7.685198 45.0610425)
IT-TO0320,TO0B4,"Biblioteca dell'Associazione per le relazioni culturali con la Spagna, il Portogallo e l'America Latina",Via Po 19,,10124.0,Torino,1272,Torino,PIEMONTE,1,+39 0118126718,,,,POINT (7.6890922 45.06889320000001)
IT-TO0321,BMT03,Biblioteca dell'Archivio di Stato di Torino,Piazza Castello 209,,10124.0,Torino,1272,Torino,PIEMONTE,1,+39 011540382,+39 011546176,as-to@beniculturali.it,http://archiviodistatotorino.beniculturali.it/Site/index.php/it/larchivio/biblioteca,POINT (7.687448904368581 45.0710519178128)
IT-TO0322,UTO81,Biblioteca dell'Accademia di medicina,Via Po 18,,10123.0,Torino,1272,Torino,PIEMONTE,1,+39 0118179298,+39 0118397414,accademia.medicina@unito.it,http://www.accademiadimedicina.unito.it/Biblioteca.htm,POINT (7.6899336 45.0683015)
IT-TO0323,TO063,Biblioteca dell'Accademia di agricoltura,Via A. Doria 10,,10123.0,Torino,1272,Torino,PIEMONTE,1,+39 0118127470,+39 0118127470,,,POINT (7.684655800000001 45.0638999)
IT-TO0324,UTO17,Biblioteca dell'Accademia delle scienze,Via Maria Vittoria 3,,10123.0,Torino,1272,Torino,PIEMONTE,1,+39 0115620047,+39 0115326619,biblioteca@accademiadellescienze.it,http://www.accademiadellescienze.it,POINT (7.6840303 45.0680516)
IT-TO0325,TO070,Biblioteca dell'Accademia Albertina di belle arti,Via Accademia Albertina 6,,10123.0,Torino,1272,Torino,PIEMONTE,1,+39 011 889020,,biblioteca@accademialbertina.torino.it,http://www.accademialbertina.torino.it/index.php/strutture/biblioteca,POINT (7.6898675 45.06770770000001)
IT-TO0326,UTO97,Biblioteca del Seminario Arcivescovile,"Via XX Settembre, 83",,10122.0,Torino,1272,Torino,PIEMONTE,1,+39 011.4360612,+39 011.4360370,biblioteca@teologiatorino.it,http://www.teologiatorino.glauco.it/home_page/biblioteca_del_seminario_di_torino/00000027_Biblioteca.html,POINT (7.684177 45.072891)
IT-TO0327,TO0U6,Biblioteca del Gruppo Abele,Corso Trapani 95,,10141.0,Torino,1272,Torino,PIEMONTE,1,+39 0113841059,+39 0113841055,centrostudi@gruppoabele.org,http://www.centrostudi.gruppoabele.org,POINT (7.6383015 45.0676664)
IT-TO0328,TO086,Biblioteca del Museo nazionale del Risorgimento italiano,Via Accademia delle scienze 5,,10123.0,Torino,1272,Torino,PIEMONTE,1,+39 0115621147,,biblioteca@museorisorgimentotorino.it,http://www.museorisorgimentotorino.it/info.php,POINT (7.6847918 45.06879470000001)
IT-TO0329,TO083,Biblioteca e centro di documentazione del Museo dell'automobile Carlo Biscaretti di Ruffia,Corso Unita' d'Italia 40,,10126.0,Torino,1272,Torino,PIEMONTE,1,+39 011677666,+39 0116647148,centrodoc@muesoauto.it,http://www.museoauto.it/website/it/museo/centro-di-documentazione,POINT (7.674558599999999 45.0315406)
IT-TO0330,,Biblioteca dell'Istituto per la meccanizzazione agricola - IMA,Strada delle Cacce 73,,10135.0,Torino,1272,Torino,PIEMONTE,1,+39 0113977223,+39 0113489218,,,POINT (7.6382068 45.0159564)
IT-TO0331,,Biblioteca del Laboratorio chimico delle dogane e delle imposte indirette,Corso Sebastopoli 3,,10134.0,Torino,1272,Torino,PIEMONTE,1,+39 0113198408,+39 0113184786,,,POINT (7.661312400000001 45.0394356)
IT-TO0335,,Biblioteca dell'Istituto di clinica dermatologica e delle malattie veneree della Facoltà di medicina e chirurgia dell'Università degli studi di Torino,Via Cherasco 23,,10126.0,Torino,1272,Torino,PIEMONTE,1,+39 0116967472,+39 011674034,,,POINT (7.6721768 45.0377719)
IT-TO0339,TO074,Centro di Documentazione della Camera di commercio di Torino,"Via Giolitti, 26",,10123.0,Torino,1272,Torino,PIEMONTE,1,+39 0115714717,+39 0115714720,documentazione@to.camcom.it,https://www.to.camcom.it/biblioteca,POINT (7.686255800000001 45.0655769)
IT-TO0340,TO072,Biblioteca della Basilica di Superga,Strada Basilica di Superga 73,,10132.0,Torino,1272,Torino,PIEMONTE,1,+39 011543855,+39 011543855,,,POINT (7.7690185 45.0778687)
IT-TO0341,TO066,Biblioteca del Consiglio dell'ordine degli avvocati e procuratori,Via Corte d'appello 16,,10122.0,Torino,1272,Torino,PIEMONTE,1,+39 011546072,+39 011546765,,,POINT (7.679084700000001 45.0743714)
IT-TO0342,,"Biblioteca dell'Associazione industriali metallurgici, meccanici e affini - Archivio storico AMMA",Via V. Vela 17,,10128.0,Torino,1272,Torino,PIEMONTE,1,+39 0115718333,+39 0115718379,,,POINT (7.6689958 45.0644805)
IT-TO0343,,Biblioteca antica degli archivi dell'Ordine mauriziano,Via Magellano 1,,10128.0,Torino,1272,Torino,PIEMONTE,1,+39 0115080242,+39 0115080249,,,POINT (7.667529400000001 45.0521831)
IT-TO0345,BCTU8,Biblioteca dell'Istituto sperimentale per la nutrizione delle piante. Sezione operativa di Torino,Via S. Francesco di Paola 3,,10123.0,Torino,1272,Torino,PIEMONTE,1,+39 0114434473,+39 0114434494,,,POINT (7.686823599999999 45.0653866)
IT-TO0347,,Biblioteca Culture e Missione,Corso Ferrucci 14,,10138.0,Torino,1272,Torino,PIEMONTE,1,+39 0114331044,+39 0114340213,,,POINT (7.655361599999999 45.06896210000001)
IT-TO0350,UTO78,Biblioteca dell'Istituto Nazionale di Ricerca Metrologica - INRIM,Strada delle Cacce 91,,10135.0,Torino,1272,Torino,PIEMONTE,1,+39 011 3919307,+39 011 3919311,biblio@inrim.it,https://www.inrim.it/servizi/biblioteca,POINT (7.638303 45.0144737)
IT-TO0385,,Biblioteca dell'Istituto di diritto privato e dell'economia Luigi Abello della Facolta' di economia e commercio dell'Universita' degli studi di Torino,Corso Palestro 5,,10122.0,Torino,1272,Torino,PIEMONTE,1,+39 011537506,+39 011548871,,,POINT (7.6726144 45.0738514)
IT-TO0445,,Biblioteca Ginatta,Via Brofferio 3,,10121.0,Torino,1272,Torino,PIEMONTE,1,,,,,POINT (7.6751643 45.0676218)
IT-TO0447,TO0G7,Biblioteca del Centro studi del Teatro stabile di Torino,Piazza San Carlo 161,,10123.0,Torino,1272,Torino,PIEMONTE,1,+39 0115176012,+39 0115622033,,,POINT (7.6832018 45.0678927)
IT-TO0449,BCTTB,Biblioteca civica Cascina Marchesa,Corso Vercelli 141/7,,10155.0,Torino,1272,Torino,PIEMONTE,1,+39 01101129230,+39 01101129210,biblioteca.marchesa@comune.torino.it,http://www.comune.torino.it/cultura/biblioteche/sedi_orari/marchesa.shtml,POINT (7.692313499999959 45.0973757)
IT-TO0451,BCTTL,Biblioteca civica Francesco Cognasso,Corso Cincinnato 115,,10151.0,Torino,1272,Torino,PIEMONTE,1,+39 01101138526,+39 01101138534,biblioteca.cognasso@comune.torino.it,http://www.comune.torino.it/cultura/biblioteche/sedi_orari/cognasso.shtml,POINT (7.6389061 45.0975139)
IT-TO0452,UTO79,Biblioteca dell'Istituto universitario di studi europei,Lungo Dora Siena 100,,10153.0,Torino,1272,Torino,PIEMONTE,1,+39 0118394660,+39 0118394664,iuse@iuse.it,http://www.iuse.it,POINT (7.69965509999997 45.0739747)
IT-TO0453,,Biblioteca del Centro studi e laboratori telecomunicazioni,Via G. Reiss Romoli 274,,10148.0,Torino,1272,Torino,PIEMONTE,1,+39 0112285382,+39 39112285095,,,POINT (7.670224900000001 45.1111762)
IT-TO0456,,Biblioteca della Casa madre Opere don Bosco,Via Maria Ausiliatrice 32,,10152.0,Torino,1272,Torino,PIEMONTE,1,+39 01152241,+39 0115224693,,,POINT (7.6764898 45.0804605)
IT-TO0457,,Biblioteca del centro di documentazione della Fondazione Giovanni Agnelli,Via Giacosa 38,,10125.0,Torino,1272,Torino,PIEMONTE,1,+39 011658666,+39 0116502777,,,POINT (7.683503599999999 45.0542676)
IT-TO0458,TO0GE,Biblioteca del Centro studi sul giornalismo Gino Pestelli,"Corso Stati Uniti, 27",,10128.0,Torino,1272,Torino,PIEMONTE,1,+39 011.8126686,+39 011.8394899,segreteria@centropestelli.it,http://centropestelli.it,POINT (7.6695745 45.0628245)
IT-TO0459,,Bibliothek des Goethe-Instituts Turin,Piazza San Carlo 206,,10121.0,Torino,1272,Torino,PIEMONTE,1,+39 0115628475,+39 011539549,,,POINT (7.681911 45.0674173)
IT-TO0461,,Biblioteca del Collegio universitario Renato Einaudi,Via Maria Vittoria 39,,10123.0,Torino,1272,Torino,PIEMONTE,1,+39 0118126853,+39 0118126853,,,POINT (7.6924022 45.06506450000001)
IT-TO0462,TO0Y8,Biblioteca e archivio delle tradizioni e del costume ebraici Benvenuto e Alessandro Terracini,Via San Pio V 12,,10125.0,Torino,1272,Torino,PIEMONTE,1,+39 011658585,+39 0116691173,,,POINT (7.6835243 45.0600669)
IT-TO0463,,Biblioteca dell'Istituto ricerche economico-sociali del Piemonte,Via Bogino 21,,10123.0,Torino,1272,Torino,PIEMONTE,1,+39 01188051,+39 0118123723,,,POINT (7.686553999999999 45.0669888)
IT-TO0464,UTO77,Biblioteca dell'Istituto piemontese Antonio Gramsci,"Via del carmine, 14",,10122.0,Torino,1272,Torino,PIEMONTE,1,+39 0118395404,+39 0118395403,biblioteca@gramscitorino.it,www.gramscitorino.it,POINT (7.674206799999981 45.0761456)
IT-TO0466,,Biblioteca Piero Martinetti,Via Po 19,,10124.0,Torino,1272,Torino,PIEMONTE,1,+39 0118398520,,,,POINT (7.6890922 45.06889320000001)
IT-TO0468,TO000,Biblioteca del CSI Piemonte - Consorzio per il sistema informativo,Corso Unione Sovietica 216,,10134.0,Torino,1272,Torino,PIEMONTE,1,+39 0114618218,+39 00394618212,,,POINT (7.6528017 45.0386949)
IT-TO0469,UTO18,Biblioteca della Fondazione Luigi Firpo. Centro di Studi sul Pensiero Politico Onlus,Piazza Carlo Alberto 3,c/o Biblioteca Nazionale Universitaria,10123.0,Torino,1272,Torino,PIEMONTE,1,+39 0118129020,+39 0118129050,biblioteca@fondazionefirpo.it,www.fondazionefirpo.it,POINT (7.687179971411071 45.06988732466479)
IT-TO0472,UTO94,Biblioteca dell'Istituto internazionale don Bosco,"Via S. Caboto, 27",,10129.0,Torino,1272,Torino,PIEMONTE,1,+39 011.5811263,,to0472@biblioteche.ruparpiemonte.it,http://https://torino.unisal.it/uni/biblioteca/,POINT (7.661381 45.0553041)
IT-TO0473,UTOG1,Biblioteca dell'Istituto piemontese per la storia della Resistenza e della società contemporanea Giorgio Agosti,Via del Carmine 13,,10122.0,Torino,1272,Torino,PIEMONTE,1,+39 0114380090,+39 0114360469,biblioteca@istoreto.it,http://www.istoreto.it/biblioteca/,POINT (7.674555950926219 45.0759112717563)
IT-TO0474,,Bibliothèque Centre culturel français de Turin,Via Pomba 23,,10123.0,Torino,1272,Torino,PIEMONTE,1,+39 0115623313,+39 011540220,,,POINT (7.685260799999999 45.0651658)
IT-TO0475,,Biblioteca del centro di documentazione del Consorzio per lo sviluppo dell'elettronica e dell'automazione,Via Ventimiglia 201,,10127.0,Torino,1272,Torino,PIEMONTE,1,+39 0116648266,+39 0116635054,,,POINT (7.6673271 45.0203092)
IT-TO0476,,Biblioteca del Circolo ricreativo aziendale lavoratori della Sip,Via Cavalli 6,,10138.0,Torino,1272,Torino,PIEMONTE,1,+39 0115725680,+39 0115725254,,,POINT (7.6627554 45.07055689999999)
IT-TO0528,UTO15,Biblioteca di Economia e Management. Università degli Studi di Torino,"Corso Unione Sovietica, 218 bis",,10134.0,Torino,1272,Torino,PIEMONTE,1,+39 0116706134,+39 0116706131,direzione.bem@unito.it,http://www.bem.unito.it/,POINT (7.6509269 45.0370125)
IT-TO0529,UTO23,"Biblioteca Storica di Ateneo ""Arturo Graf""","Via Po, 17",,10124.0,Torino,1272,Torino,PIEMONTE,1,+39 0116702087,+39 0116702190,biblioteca.graf@unito.it,http://www.bibliograf.unito.it/it,POINT (7.688846300000001 45.0690513)
IT-TO0533,TO064,Biblioteca e centro di documentazione dell'Alenia - Aeritalia e Selenia Spa - Settore Aeronautica - Divisione velivoli difesa,Corso Marche 41,,10146.0,Torino,1272,Torino,PIEMONTE,1,+39 0117181383,+39 0117181707,,,POINT (7.614445699999999 45.0780325)
IT-TO0534,,Biblioteca tecnica dell'Azienda energetica municipale di Torino,Via Bertola 48,,10122.0,Torino,1272,Torino,PIEMONTE,1,+39 01155491,+39 011538313,,,POINT (7.6760882 45.07185870000001)
IT-TO0535,,Biblioteca dell'Associazione culturale Russkij-Mir,Via Cernaia 30,,10121.0,Torino,1272,Torino,PIEMONTE,1,+39 011547190,,,,POINT (7.67203070000005 45.0724991)
IT-TO0536,,Biblioteca del Centro studi Bruno Longo,Via Le Chiuse 14,,10144.0,Torino,1272,Torino,PIEMONTE,1,+39 0114731005,+39 0114377410,,,POINT (7.665660400000001 45.07888939999999)
IT-TO0537,,Biblioteca e centro di documentazione di Italia Nostra. Sezione di Torino,Via Massena 71,,10128.0,Torino,1272,Torino,PIEMONTE,1,+39 011500056,,,,POINT (7.669576400000001 45.0563714)
IT-TO0539,,Biblioteca dell'Associazione italiana di psicopedagogia,Via C. Beaumont 25,,10138.0,Torino,1272,Torino,PIEMONTE,1,+39 0114343733,,,,POINT (7.6650312 45.0745396)
IT-TO0542,BCTU2,Biblioteca e archivio storico del Teatro Regio,Piazza Castello 215,,10124.0,Torino,1272,Torino,PIEMONTE,1,+39 01188151,+39 0118815214,archviostorico@teatroregio.torino.it,http://www.teatroregio.torino.it/,POINT (7.686977400000001 45.070618)
IT-TO0543,TO0GB,Biblioteca del Centro studi e documentazione partecipazione sviluppo e pace Domenico Sereno Regis,"Via Garibaldi, 13",,10122.0,Torino,1272,Torino,PIEMONTE,1,+39 011532824,,biblioteca@serenoregis.org,http://serenoregis.org/biblioteca/,POINT (7.6731954 45.06296829999999)
IT-TO0544,,Biblioteca del Centro studi teatro ragazzi Gian Renzo Morteo,Piazza A. Fontanesi 5,,10153.0,Torino,1272,Torino,PIEMONTE,1,+39 011885783,,,,POINT (7.7093504 45.0744497)
IT-TO0546,,Biblioteca del Centro studi cultura e societa',Via Cesana 56,,10139.0,Torino,1272,Torino,PIEMONTE,1,+39 0114333348,,,,POINT (7.649936900000001 45.0674502)
IT-TO0547,BCTT9,Biblioteca del Centro studi piemontesi,Via O. Thaon di Revel 15,,10121.0,Torino,1272,Torino,PIEMONTE,1,+39 011537486,+39 011534777,info@studipiemontesi.it,http://www.studipiemontesi.it/,POINT (7.677071300000001 45.0334279)
IT-TO0555,,Biblioteca del Circolo ricreativo aziendale lavoratori del Credito italiano,Via Arsenale 23,,10121.0,Torino,1272,Torino,PIEMONTE,1,+39 0115713522,+39 011540865,,,POINT (7.6788576 45.0669042)
IT-TO0556,,"Biblioteca del Centro di ricerca per l'economia, l'organizzazione e l'amministrazione della sanita'",Corso M. d'Azeglio 42,,10125.0,Torino,1272,Torino,PIEMONTE,1,+39 0116502202,+39 0116699500,,,POINT (7.6827469 45.0526151)
IT-TO0558,,Biblioteca Ufficio studi della Cassa di risparmio di Torino,Via XX Settembre 31,,10121.0,Torino,1272,Torino,PIEMONTE,1,+39 0116622311,+39 011539234,,,POINT (7.680397999999999 45.06720300000001)
IT-TO0561,,Biblioteca della Cooperativa teatrale Assemblea Teatro,Via Medail 36,,10144.0,Torino,1272,Torino,PIEMONTE,1,+39 0114376230,+39 0114376272,,,POINT (7.6588273 45.0839582)
IT-TO0562,,Biblioteca dell'AGESCI - Piemonte,Via Beaulard 61,,10138.0,Torino,1272,Torino,PIEMONTE,1,+39 011331747,,,,POINT (7.638077 45.0705597)
IT-TO0564,,Biblioteca del centro di documentazione dell'area di educazione sanitaria,Via Bertola 53,,10122.0,Torino,1272,Torino,PIEMONTE,1,+39 0115754034,+39 011532825,,,POINT (7.671189999999999 45.0735508)
IT-TO0565,BCTTD,Biblioteca civica Luigi Carluccio - Pozzo Strada,Via Monte Ortigara 95,,10141.0,Torino,1272,Torino,PIEMONTE,1,+39 0114428790,,biblioteca.carluccio@comune.torino.it,http://www.comune.torino.it/cultura/biblioteche/sedi_orari/carluccio.shtml,POINT (7.626638000000001 45.0685564)
IT-TO0566,BCTTH,Biblioteca civica Italo Calvino,"Lungo Dora Agrigento, 94",,10152.0,Torino,1272,Torino,PIEMONTE,1,+39 001101120741,+39 01101120777,,http://www.cohttp://www.comune.torino.it/cultura/biblioteche/sedi_orari/calvino.shtml,POINT (7.67822109999997 45.0861877)
IT-TO0567,BCTTG,Biblioteca civica Regio Parco,Via San Benigno 22,,10154.0,Torino,1272,Torino,PIEMONTE,1,+39 0114435690,,,,POINT (7.7136167 45.0915518)
IT-TO0568,BCTTC,Biblioteca civica Domenico Sereno Regis,Corso Ferrucci 65/b,,10138.0,Torino,1272,Torino,PIEMONTE,1,+39 0114473725,,,,POINT (7.6562283 45.0692117)
IT-TO0575,,Biblioteca del centro di documentazione del Consorzio trasporti torinesi,Via Chisone 6,,10128.0,Torino,1272,Torino,PIEMONTE,1,+39 01157641,+39 0115764593,,,POINT (7.6726295 45.0546459)
IT-TO0576,,Biblioteca del Centro estero camere di commercio piemontesi,Via Ventimiglia 165,,10127.0,Torino,1272,Torino,PIEMONTE,1,+39 0116960096,+39 0116965456,,,POINT (7.6672095 45.0220197)
IT-TO0580,,Biblioteca Braille - Centro regionale di documentazione per non vedenti,Via Nizza 151,,10126.0,Torino,1272,Torino,PIEMONTE,1,+39 0116633076,+39 011675597,,,POINT (7.6717802 45.0439467)
IT-TO0587,,Biblioteca dell'Esperanto centro Torino,Corso Vittorio Emanuele 65,,10128.0,Torino,1272,Torino,PIEMONTE,1,+39 011535992,,,,POINT (7.675461 45.0637611)
IT-TO0590,,"Biblioteca del Dipartimento di Filosofia e Scienze dell'Educazione - sezione Filosofia, seconda sede Fondazione Luisa Guzzo",Via Po 18,,10123.0,Torino,1272,Torino,PIEMONTE,1,+39 0116702748,,,http://www.bibliotecadfe.unito.it/,POINT (7.6899336 45.0683015)
IT-TO0594,,Biblioteca del Gruppo archeologico torinese,Circolo ricreativo e culturale San Paolo - Corso Ferrucci 3,,10138.0,Torino,1272,Torino,PIEMONTE,1,+39 0115555224,,,,POINT (7.6563694 45.0751988)
IT-TO0596,,Biblioteca del Gruppo ricerche cultura montana,Via Pastrengo 20,,10128.0,Torino,1272,Torino,PIEMONTE,1,+39 0115622789,+39 011534120,,,POINT (7.6701273 45.0598055)
IT-TO0597,,Biblioteca dell'Istituto nazionale di statistica - Ufficio interregionale Piemonte e Valle d'Aosta,Via Volta 3,,10122.0,Torino,1272,Torino,PIEMONTE,1,+39 0115612414,+39 011535800,,,POINT (7.677596400000001 45.0639326)
IT-TO0598,,Biblioteca e centro di documentazione del Gruppo bancario San Paolo,Galleria San Federico 16,,10121.0,Torino,1272,Torino,PIEMONTE,1,+39 0115557903,+39 0115557911,,,POINT (7.6830591 45.069385)
IT-TO0599,,Biblioteca dell'Istituto di ricerca per la protezione idrogeologica nel bacino padano - IRPI,Strada delle Cacce 73,,10135.0,Torino,1272,Torino,PIEMONTE,1,+39 0113977257,+39 011343574,,,POINT (7.6382068 45.0159564)
IT-TO0600,UTOG9,Biblioteca dell'Istituto di studi storici Gaetano Salvemini,Via del Carmine 14,,10122.0,Torino,1272,Torino,PIEMONTE,1,+39 0115838337,,info@istitutosalvemini.it,http://www.istitutosalvemini.it/,POINT (7.67430355952456 45.07610622418179)
IT-TO0602,,Biblioteca del Circolo ricreativo aziendale lavoratori dell'editrice La Stampa,Via Marenco 32,,10126.0,Torino,1272,Torino,PIEMONTE,1,+39 0116568-369,,,,POINT (7.680750200000001 45.0445812)
IT-TO0603,,Biblioteca Minerva Medica dell'Ospedale maggiore San Giovanni Battista e della citta' di Torino,Via A. Abegg 12,,10126.0,Torino,1272,Torino,PIEMONTE,1,+39 0116630128,,,,POINT (7.6720335 45.040277)
IT-TO0604,,Biblioteca del Movimento monarchico italiano. Gruppo Cavour,Corso Vittorio Emanuele II 65,,10128.0,Torino,1272,Torino,PIEMONTE,1,+39 0115620855,+39 0115620855,,,POINT (7.675461 45.0637611)
IT-TO0610,,Biblioteca tecnica del Centro ricerche RAI,Corso Giambone 68,,10135.0,Torino,1272,Torino,PIEMONTE,1,+39 0118103171,+39 0116193779,,,POINT (7.6542828 45.0301626)
IT-TO0611,TO1CR,"Biblioteca della Regione Piemonte ""Umberto Eco""","Via Confienza, 14",,10122.0,Torino,1272,Torino,PIEMONTE,1,+39 0115757371,+39 0115757304,biblioteca@cr.piemonte.it,,POINT (7.678932799999999 45.0682548)
IT-TO0615,,Biblioteca e centro di documentazione della Sipra,Via Bertola 34,,10122.0,Torino,1272,Torino,PIEMONTE,1,+39 01157531,+39 0115753471,,,POINT (7.6776855 45.07130789999999)
IT-TO0618,,Biblioteca della Societa' piemontese di archeologia e belle arti - SPABA,Via Napione 2,,10124.0,Torino,1272,Torino,PIEMONTE,1,+39 0118177178,+39 0118177178,,,POINT (7.6991383 45.0659167)
IT-TO0620,TO0UR,Biblioteca del Servizio sperimentazione e lotta fitosanitaria e del laboratorio agrochimico,Corso Grosseto 71/6,,10147.0,Torino,1272,Torino,PIEMONTE,1,+39 0114321473,+39 0114323710,,,POINT (7.686041499999999 45.103706)
IT-TO0633,UTOLB,Biblioteca Giacomo Ponzio di Chimica dell'Università degli Studi di Torino,Via Pietro Giuria 7,,10125.0,Torino,1272,Torino,PIEMONTE,1,+39 0116708353,+39 0112367605,biblio.ponzio@unito.it,https://www.bibliosdn.unito.it/it,POINT (7.680556599999999 45.0510907)
IT-TO0634,UTOUG,"Biblioteca ""Icilio Guareschi"" del Dipartimento di Scienza e Tecnologia del Farmaco dell'Università degli Studi di Torino","Via Pietro Giuria, 9 - accesso da Via P. Giuria, 11",,10125.0,Torino,1272,Torino,PIEMONTE,1,+39 0116707656,+39 0116707657,fcl-pharm-bib@unito.it,https://www.bibliosdn.unito.it/it,POINT (7.6808436 45.0506848)
IT-TO0635,UTOL6,Biblioteca di Fisica dell'Università degli Studi di Torino,Via P. Giuria 1,,10125.0,Torino,1272,Torino,PIEMONTE,1,+39 0116707063,+39 0116707435,biblio@ph.unito.it,https://www.bibliosdn.unito.it/it,POINT (7.6809273 45.0516025)
IT-TO0637,UTO43,Biblioteca Federata di Medicina - Polo Biologico,Corso Raffaello 30,,10125.0,Torino,1272,Torino,PIEMONTE,1,+39 011 6708265,+39 011 2368265,polobiol.bfm@unito.it,,POINT (7.680826299999999 45.0506601)
IT-TO0639,UTO21,Biblioteca Erik Peterson di Scienze Religiose dell'Università degli Studi di Torino,Via Giulia di Barolo 3/a,,10124.0,Torino,1272,Torino,PIEMONTE,1,,,,https://www.bibliosum.unito.it/it,POINT (7.695682799999999 45.0667414)
IT-TO0640,UTOB8,Biblioteca del Dipartimento di Scienze della Vita e Biologia dei Sistemi dell'Università degli Studi di Torino - sede di Biologia Animale,"Via Accademia Albertina, 13",,10123.0,Torino,1272,Torino,PIEMONTE,1,+39 0116704609,+39 0116704600,dip-dba-bib@unito.it,https://www.bibliosdn.unito.it/it,POINT (7.6881009 45.0651129)
IT-TO0641,UTOC2,Biblioteca del Dipartimento di Scienze della Vita e Biologia dei sistemi dell'Università di Torino - Sede di Biologia Vegetale,Viale P.A. Mattioli 25,,10125.0,Torino,1272,Torino,PIEMONTE,1,+39 0116705977,+39 0112361099,dip-dbv-bib@unito.it,https://www.bibliosdn.unito.it/it,POINT (7.6868287 45.0565277)
IT-TO0643,UTO10,"Biblioteca di Arte, Musica e Spettacolo - Dipartimento di Studi Umanistici dell'Università degli Studi di Torino",Via Sant'Ottavio 20,,10124.0,Torino,1272,Torino,PIEMONTE,1,+39 0116708249,+39 0116704440,biblio.dams@unito.it,https://www.bibliosum.unito.it/it,POINT (7.693905036176259 45.0679119216489)
IT-TO0645,UTOB5,"Biblioteca di Filologia, Linguistica e Tradizione Classica ' Dipartimento di Studi Umanistici dell'Università degli Studi di Torino",Via Sant'Ottavio 20,,10124.0,Torino,1272,Torino,PIEMONTE,1,+39 0116703571,+39 0116703573,biblio.filologiaclassica@unito.it,www.bibfilologia.unito.it,POINT (7.6940311 45.0680199)
IT-TO0646,UTOB7,"Biblioteca del Dipartimento di Filosofia e Scienze dell'Educazione - sezione Filosofia, Università degli Studi di Torino",Via Sant'Ottavio 20,,10124.0,Torino,1272,Torino,PIEMONTE,1,+39 0116708206,,biblioteca.filosofia@unito.it,http://www.bibliotecadfe.unito.it/,POINT (7.6940311 45.0680199)
IT-TO0649,UTOLY,Biblioteca del Dipartimento di Informatica dell'Università degli Studi di Torino,"C.So Svizzera, 185 - ingresso da Via Pessinetto, 12",,10149.0,Torino,1272,Torino,PIEMONTE,1,+39 0116706717,+39 011751603,biblioteca@di.unito.it,http://www.unito.it/unitoWAR/appmanager/biblioteche5/B040?_nfpb=true,POINT (7.660769 45.0904249)
IT-TO0650,UTO05,Biblioteca Giuseppe Peano del Dipartimento di Matematica dell'Università degli Studi di Torino,Via Carlo Alberto 10,,10123.0,Torino,1272,Torino,PIEMONTE,1,+39 0116702846,+39 0116702824,biblioteca.peano@unito.it,http://www.unito.it/bibliopeano,POINT (7.6856246 45.0677144)
IT-TO0651,,Biblioteca del Dipartimento di morfofisiologia veterinaria dell'Universita' degli studi di Torino,Via Nizza 52,,10126.0,Torino,1272,Torino,PIEMONTE,1,+39 0116699853,+39 0116507754,,,POINT (7.6739954 45.0497519)
IT-TO0652,UTOB6,Biblioteca di Orientalistica - Dipartimento di Studi Umanistici dell'Università degli Studi di Torino,Via Giulia di Barolo 3A,,10124.0,Torino,1272,Torino,PIEMONTE,1,+39 0116703839,+39 0116703837,biblio.do@unito.it,https://www.bibliosum.unito.it/it,POINT (7.695682799999999 45.0667414)
IT-TO0653,,Biblioteca del Dipartimento di patologia animale dell'Universita' degli studi di Torino,Via Nizza 52,,10126.0,Torino,1272,Torino,PIEMONTE,1,+39 0116509053,+39 0116502687,,,POINT (7.6739954 45.0497519)
IT-TO0654,,"Biblioteca del Dipartimento di produzioni animali, epidemiologia ed ecologia dell'Universita' degli studi di Torino",Via Nizza 52,,10126.0,Torino,1272,Torino,PIEMONTE,1,+39 0116504980,+39 011655445,,,POINT (7.6739954 45.0497519)
IT-TO0655,UTOD4,Biblioteca del Dipartimento di Psicologia Federico Kiesow dell'Università degli Studi di Torino,"Via Verdi, 10",,10124.0,Torino,1272,Torino,PIEMONTE,1,+39 0116702797,+39 0116702798,biblioteca.psicologia@unito.it,https://www.bibliosdn.unito.it/it,POINT (7.6902228 45.0692165)
IT-TO0657,UTO11,Biblioteca di Scienze Letterarie e Filologiche - Dipartimento di Studi Umanistici dell'Università degli Studi di Torino,"Via Bava, 31",,10124.0,Torino,1272,Torino,PIEMONTE,1,+39 0116705581,+39 0116705563,biblio.scienzeletterarie@unito.it,http://www.unito.it/bibliodilfi,POINT (7.700923599999999 45.0684234)
IT-TO0658,UTO13,Biblioteca Giorgio Melchiori del Dipartimento Lingue dell'Università degli Studi di Torino,"Via Giulia di Barolo, 3/A",,10124.0,Torino,1272,Torino,PIEMONTE,1,+39 0116703807,+39 0116703806,,,POINT (7.695682799999999 45.0667414)
IT-TO0660,UTOB9,Biblioteca R. Malaroda del Dipartimento di Scienze della Terra dell'Università degli Studi di Torino,Via Valperga Caluso 35,,10125.0,Torino,1272,Torino,PIEMONTE,1,+39 0116705183,+39 0116705146,biblio.malaroda@unito.it,https://www.bibliosdn.unito.it/it,POINT (7.681806 45.0524509)
IT-TO0661,UTO03,Biblioteca G. Tabacco del Dipartimento di Studi Storici dell'Università degli Studi di Torino,Via Sant'Ottavio 20,,10124.0,Torino,1272,Torino,PIEMONTE,1,+39 0116703255,+39 0116703155,biblioteca.tabacco@unito.it,,POINT (7.6940311 45.0680199)
IT-TO0695,,Biblioteca dell'Istituto di scienze medico forensi della Facolta' di medicina e chirurgia dell'Universita' degli studi di Torino,Corso G. Galilei 22,,10126.0,Torino,1272,Torino,PIEMONTE,1,+39 0116963793,+39 0116635576,,,POINT (7.679110799999999 45.0434939)
IT-TO0706,,Biblioteca dell'Istituto di scienze medico forensi. Sezione esterna della Facoltà di medicina e chirurgia dell'Universita' degli studi di Torino,Corso Montevecchio 38,,10129.0,Torino,1272,Torino,PIEMONTE,1,+39 011535670,,,,POINT (7.666919900000001 45.0630032)
IT-TO0714,TO0C1,"Biblioteca dell'Istituto di fisica matematica Joseph Louis Lagrange della Facoltà di scienze matematiche, fisiche e naturali dell'Università degli studi di Torino",Via Carlo Alberto 10,,10123.0,Torino,1272,Torino,PIEMONTE,1,+39 011539214,+39 0115613096,,,POINT (7.6856246 45.0677144)
IT-TO0736,,Biblioteca centrale di ingegneria del Politecnico di Torino,Corso Duca degli Abruzzi 24,,10129.0,Torino,1272,Torino,PIEMONTE,1,+39 0115646710,+39 0115646799,,,POINT (7.6624256 45.0624031)
IT-TO0737,,Biblioteca centrale di architettura del Politecnico di Torino,Viale P. A. Mattioli 39,,10125.0,Torino,1272,Torino,PIEMONTE,1,+39 0115646701,+39 0115646798,,,POINT (7.684821899999999 45.053789)
IT-TO0738,,Biblioteca del Dipartimento di ingegneria aeronautica e spaziale - AER del Politecnico di Torino,Corso Duca degli Abruzzi 24,,10129.0,Torino,1272,Torino,PIEMONTE,1,+39 0115646802,+39 0115646899,,,POINT (7.6624256 45.0624031)
IT-TO0739,,Biblioteca del Dipartimento Casa Citta' - CCT del Politecnico di Torino,Viale P. A. Mattioli 39,,10125.0,Torino,1272,Torino,PIEMONTE,1,+39 0115646409,+39 0115646499,,,POINT (7.684821899999999 45.053789)
IT-TO0740,,Biblioteca del Dipartimento di scienza dei materiali e ingegneria chimica - CHI del Politecnico di Torino,Corso Duca degli Abruzzi 24,,10129.0,Torino,1272,Torino,PIEMONTE,1,+39 0115644611,+39 0115644699,,,POINT (7.6624256 45.0624031)
IT-TO0741,,Biblioteca del Dipartimento di ingegneria dei sistemi edilizi e territoriali del Politecnico di Torino,Corso Duca degli Abruzzi 24,,10129.0,Torino,1272,Torino,PIEMONTE,1,+39 0115645325,+39 0115645399,,,POINT (7.6624256 45.0624031)
IT-TO0743,,Biblioteca interdipartimentale di ingegneria elettronica Mario Boella - ELN del Politecnico di Torino,Corso Duca degli Abruzzi 24,,10129.0,Torino,1272,Torino,PIEMONTE,1,+39 0115644014,+39 0115644015,,,POINT (7.6624256 45.0624031)
IT-TO0744,,Biblioteca del Dipartimento di energetica - ENE del Politecnico di Torino,Corso Duca degli Abruzzi 24,,10129.0,Torino,1272,Torino,PIEMONTE,1,+39 0115644405,+39 0115644499,,,POINT (7.6624256 45.0624031)
IT-TO0745,,Biblioteca del Dipartimento di fisica -FIS del Politecnico di Torino,Corso Duca degli Abruzzi 24,,10129.0,Torino,1272,Torino,PIEMONTE,1,+39 0115647307,+39 0115567399,,,POINT (7.6624256 45.0624031)
IT-TO0746,,Biblioteca del Dipartimento di georisorse e territorio - GET del Politecnico di Torino,Corso Duca degli Abruzzi 24,,10129.0,Torino,1272,Torino,PIEMONTE,1,+39 0115647621,+39 0115647699,,,POINT (7.6624256 45.0624031)
IT-TO0747,,"Biblioteca del Dipartimento di idraulica, trasporti ed infrastrutture civili del Politecnico di Torino",Corso Duca degli Abruzzi 24,,10129.0,Torino,1272,Torino,PIEMONTE,1,+39 0115645652,+39 0115645799,,,POINT (7.6624256 45.0624031)
IT-TO0749,,Biblioteca del Dipartimento di matematica - MAT del Politecnico di Torino,Corso Duca degli Abruzzi 24,,10129.0,Torino,1272,Torino,PIEMONTE,1,+39 0115647515,+39 0115567599,,,POINT (7.6624256 45.0624031)
IT-TO0750,,Biblioteca del Dipartimento di meccanica - MEC del Politecnico di Torino,Corso Duca degli Abruzzi 24,,10129.0,Torino,1272,Torino,PIEMONTE,1,+39 0115646911,+39 0115646999,,,POINT (7.6624256 45.0624031)
IT-TO0752,,Biblioteca del Dipartimento di ingegneria strutturale - STR del Politecnico di Torino,Corso Duca degli Abruzzi 24,,10129.0,Torino,1272,Torino,PIEMONTE,1,+39 0115644806,+39 0115644899,,,POINT (7.6624256 45.0624031)
IT-TO0753,,Biblioteca interateneo interdipartimentale territorio ambiente dell'Università degli studi e del Politecnico di Torino,Viale P. A. Mattioli 39,,10125.0,Torino,1272,Torino,PIEMONTE,1,+39 0115647470,+39 0115647499,,,POINT (7.684821899999999 45.053789)
IT-TO0754,,Biblioteca del Dipartimento dei sistemi di produzione ed economia dell'azienda del Politecnico di Torino,Corso Duca degli Abruzzi 24,,10129.0,Torino,1272,Torino,PIEMONTE,1,+39 0115647283,+39 0115647299,,,POINT (7.6624256 45.0624031)
IT-TO0758,,"Biblioteca della Soprintendenza archeologia, belle arti e paesaggio per la città metropolitana di Torino. SAR ? Archeologica",Piazza S. Giovanni 2,,10122.0,Torino,1272,Torino,PIEMONTE,1,+39 01119524417,+39 0115213145,sabap-to.biblioteca@beniculturali.it,http://sabap-to.beniculturali.it/,POINT (7.684911 45.072973)
IT-TO0759,UTO53,Biblioteca Federata di Medicina - Polo CTO,c/o Presidio CTO - Via Zuretti 29,,10126.0,Torino,1272,Torino,PIEMONTE,1,+39 0116933510,+39 011 2365876 / 011 6933958,cto.bfm@unito.it,,POINT (7.6733023 45.0330106)
IT-TO0760,,Biblioteca egittologica Silvio Curto della Fondazione Museo delle Antichità Egizie di Torino,Via Accademia delle scienze 6,,10123.0,Torino,1272,Torino,PIEMONTE,1,+39 0115617776,+39 0115623157,biblioteca.egizio@museoegizio.it,http://www.museoegizio.it/museo/,POINT (7.684497599999999 45.06838320000001)
IT-TO0761,,"Biblioteca del Dipartimento di scienze antropologiche, archeologiche e storico territoriali. Sezione esterna di antropologia fisica dell'Università degli studi di Torino",Via Accademia Albertina 13,,10123.0,Torino,1272,Torino,PIEMONTE,1,+39 0118173262,+39 0118174979,,,POINT (7.6881064 45.0651139)
IT-TO0762,,Biblioteca dell'Istituto di fitovirologia applicata - IFA,Strada delle Cacce 73,,10135.0,Torino,1272,Torino,PIEMONTE,1,+39 01139771280,+39 011343809,,,POINT (7.6382068 45.0159564)
IT-TO0767,TO0GF,Biblioteca del Museo regionale di scienze naturali,Via G. Giolitti 36,,10123.0,Torino,1272,Torino,PIEMONTE,1,+39 0114326318,+39 0114326324,Biblioteca.Mrsn@regione.piemonte.it,http://www.regione.piemonte.it/museoscienzenaturali/biblio/index.htm,POINT (7.6887078 45.0646934)
IT-TO0768,BCTU1,Biblioteca dell'Archivio storico della Città di Torino,Via Barbaroux 32,,10122.0,Torino,1272,Torino,PIEMONTE,1,+39 01101131826,+39 01101131818,archivio.storico@comune.torino.it,http://www.comune.torino.it/archiviostorico/,POINT (7.6787818 45.0725701)
IT-TO0769,BCTTZ,Biblioteca civica Torino centro,"Piazzetta Università dei Mastri Minusieri, 2",,10122.0,Torino,1272,Torino,PIEMONTE,1,+39 01101131891,,biblioteca.tocentro@comune.torino.it,http://www.comune.torino.it/cultura/biblioteche/sedi_orari/torino_centro.shtml,POINT (7.679034222541421 45.0724160339123)
IT-TO0770,,Biblioteca del Centro di ricerca e documentazione Luigi Einaudi,Corso Appio Claudio 7,,10143.0,Torino,1272,Torino,PIEMONTE,1,+39 011759810,+39 0117495796,,,POINT (7.6543696 45.0837723)
IT-TO0771,TO0G3,Biblioteca Carilibri della Fondazione Alberto Colonnetti,Largo Re Umberto 102 bis,,10128.0,Torino,1272,Torino,PIEMONTE,1,+39 011500333,+39 011500333,,,POINT (7.6645046 45.0537857)
IT-TO0772,,Biblioteca del Circolo ricreativo aziendale lavoratori della Cassa di risparmio di Torino,Via Nizza 150,,10126.0,Torino,1272,Torino,PIEMONTE,1,+39 0116923274,+39 0116924638,,,POINT (7.670169 45.039874)
IT-TO0773,,"Biblioteca del Museo civico di numismatica, etnografia ed arte orientale",Via Bricherasio 8,,10128.0,Torino,1272,Torino,PIEMONTE,1,+39 011541557,,,,POINT (7.6669334 45.065375)
IT-TO0774,TO0G5,Biblioteca del Centro piemontese di studi sul Medio ed Estremo Oriente,Corso Trento 13,,10129.0,Torino,1272,Torino,PIEMONTE,1,+39 011546564,+39 011545031,info@cesmeo.it,www.cesmeo.it,POINT (7.664005800000001 45.0605431)
IT-TO0776,UTOG2,Biblioteca Marta Gobetti dell'Archivio nazionale cinematografico della Resistenza - ANCR,Via del Carmine 13,,10122.0,Torino,1272,Torino,PIEMONTE,1,+39 0114380111,+39 0114357853,info@ancr.to.it,http://www.ancr.to.it/Page/t01/view_html?idp=31,POINT (7.674518400000001 45.0759984)
IT-TO0777,,Biblioteca della Scuola di formazione per educatori professionali - SFEP,Via B. Cellini 14,,10146.0,Torino,1272,Torino,PIEMONTE,1,+39 0116960032,+39 011675556,,,POINT (7.587008099999999 45.0685796)
IT-TO0780,,Biblioteca della Pro natura Torino,Via Pastrengo 20,,10128.0,Torino,1272,Torino,PIEMONTE,1,+39 011534120,,,,POINT (7.6701273 45.0598055)
IT-TO0781,,Biblioteca del Centro salesiano di documentazione storica e popolare mariana,"Via Maria Ausiliatrice, 32",,10152.0,Torino,1272,Torino,PIEMONTE,1,+39 011.5224254,+39 011.5224690,csdm.valdocco@gmail.com,,POINT (7.6764898 45.0804605)
IT-TO0782,,"Biblioteca Universitaria ""Mario Viglietti""",Piazza Conti di Rebaudengo 22,,10155.0,Torino,1272,Torino,PIEMONTE,1,+39 0112340083,+39 0112304044,biblioteca@ius.to,www.ius.to,POINT (7.69619539999997 45.1042505)
IT-TO0784,,Biblioteca del Convitto ecclesiastico della Consolata,Via Maria Adelaide 2,,10122.0,Torino,1272,Torino,PIEMONTE,1,+39 0114362798,,,,POINT (7.679292100000001 45.0763143)
IT-TO0785,,Biblioteca tecnica dell'Ente nazionale per l'energia elettrica,Corso Regina Margherita 267,,10143.0,Torino,1272,Torino,PIEMONTE,1,+39 0117787174,+39 011751696,,,POINT (7.6544496 45.0861749)
IT-TO0786,TO069,Biblioteca del Centro internazionale di formazione della organizzazione internazionale del lavoro,Corso Unità d'Italia 125,,10127.0,Torino,1272,Torino,PIEMONTE,1,+39 0116936517,+39 0116638842,,,POINT (7.6699705 45.0213248)
IT-TO0788,,Biblioteca provinciale domenicana,Sala di Rovasenda - Corso Vittorio Emanuele II 32,,10123.0,Torino,1272,Torino,PIEMONTE,1,+39 011835328,,,,POINT (7.6852229 45.0606515)
IT-TO0789,,Biblioteca dell'Istituto per le piante da legno e l'ambiente,Corso Casale 476,,10132.0,Torino,1272,Torino,PIEMONTE,1,+39 0118989333,+39 0118180333,,,POINT (7.740267 45.0892473)
IT-TO0790,,Biblioteca del Centro traumatologico ortopedico - CTO,Via Zuretti 29,,10126.0,Torino,1272,Torino,PIEMONTE,1,+39 0116933510,,,,POINT (7.6733023 45.0330106)
IT-TO0792,,Biblioteca dell'Istituto italo cinese per gli scambi economici e culturali,Lungo Po Antonelli 177,,10153.0,Torino,1272,Torino,PIEMONTE,1,+39 0118980406,+39 0118980406,,,POINT (7.726474099999999 45.0746639)
IT-TO0793,,Biblioteca e archivio storico Italgas. Società italiana per il gas,Via XX Settembre 41,,10121.0,Torino,1272,Torino,PIEMONTE,1,+39 0112394674,+39 0112394851,,,POINT (7.68115 45.068256)
IT-TO0794,TO080,Biblioteca del Centro studi Luca d'Agliano,Via Principe Amedeo 34,,10123.0,Torino,1272,Torino,PIEMONTE,1,+39 011836379,+39 0118172078,,,POINT (7.6905539 45.0665958)
IT-TO0795,,Biblioteca tecnico-giuridica della Provincia di Torino,Via Maria Vittoria 12,,10123.0,Torino,1272,Torino,PIEMONTE,1,+39 01157562213,+39 0118397620,,,POINT (7.685678999999999 45.0674313)
IT-TO0797,,Biblioteca del Museo del diabete - Associazione Karen Bruni Böcher,Via Beaumont 72,,10138.0,Torino,1272,Torino,PIEMONTE,1,+39 0114477127,,,,POINT (7.664457000000001 45.0737466)
IT-TO0798,,Biblioteca del Club alpino italiano - CAI. Sezione Unione giovanile escursionisti torinesi - UGET,Galleria Subalpina 30,,10122.0,Torino,1272,Torino,PIEMONTE,1,+39 011537983,,,,POINT (7.686700599999999 45.0699966)
IT-TO0799,,Biblioteca del Centro studi Carlo Trabucco,Largo IV Marzo 17,,10122.0,Torino,1272,Torino,PIEMONTE,1,+39 0114366012,+39 0114366012,,,POINT (7.682504 45.07312)
IT-TO0800,UTO98,"Biblioteca ""Marcello Novo"" - SAA School of Management",Via Ventimiglia 115,,10126.0,Torino,1272,Torino,PIEMONTE,1,+39 0116399237,+39 0116399236,biblio.saa@unito.it,www.bibliosaa.unito.it,POINT (7.6703885 45.0266706)
IT-TO0801,UTOL5,Biblioteca della Curia metropolitana della Diocesi di Torino,Via dell'Arcivescovado 12,,10121.0,Torino,1272,Torino,PIEMONTE,1,+39 0115156271,+39 0115756209,archivio@diocesi.torino.it,http//www.diocesi.torino.it,POINT (7.677882 45.06715089999999)
IT-TO0802,,Biblioteca del centro di documentazione dell'ISVOR-FIAT,Corso Dante 103,,10126.0,Torino,1272,Torino,PIEMONTE,1,+39 0116665111,+39 0116665458,,,POINT (7.680714900000001 45.0459646)
IT-TO0803,,Biblioteca del Centro internazionale di studi Luigi Sturzo. Sezione piemontese,Via Santa Maria 6,,10122.0,Torino,1272,Torino,PIEMONTE,1,+39 011547981,,,,POINT (7.6777815 45.072078)
IT-TO0804,,Biblioteca dell'Archivio storico FIAT,Via Chiabrera 20,,10126.0,Torino,1272,Torino,PIEMONTE,1,+39 0116634615,+39 0116633645,,,POINT (7.6799679 45.0456588)
IT-TO0806,TO099,Biblioteca e archivio per lo studio delle tradizioni popolari,Via Vanchiglia 6,,10124.0,Torino,1272,Torino,PIEMONTE,1,+39 0118127411,+39 0118173268,,,POINT (7.6967835 45.06653060000001)
IT-TO0807,UTOGM,Biblioteca della Fondazione Vera Nocentini,"Via del Carmine, 14",,10122.0,Torino,1272,Torino,PIEMONTE,1,+39 011.6983173,,fondazionenocentini@gmail.com,http://www.fondazioneveranocentini.it,POINT (7.674207000000019 45.076146)
IT-TO0808,,Biblioteca del Fogolar Furlan di Torino,Via San Donato 59,,10144.0,Torino,1272,Torino,PIEMONTE,1,+39 011487004,,,,POINT (7.6610897 45.08182429999999)
IT-TO0809,,Biblioteca dell'Ente parco nazionale Gran Paradiso,Via Pio VII 9,,10135.0,Torino,1272,Torino,PIEMONTE,1,+39 0118606211,+39 0118121305,segreteria@pngp.it,http://www.pngp.it/,POINT (7.655017000000043 45.029318)
IT-TO0810,RMG26,Biblioteca del Tribunale ordinario di Torino,"Corso vittorio Emanuele, 130",,10121.0,Torino,1272,Torino,PIEMONTE,1,+39 0114327670,+39 0114327671,,,POINT (7.6794178 45.0756323)
IT-TO0811,,Biblioteca del Collegio universitario Renato Einaudi. Sezione esterna,Via Bobbio 9,,10141.0,Torino,1272,Torino,PIEMONTE,1,+39 0113851944,,,,POINT (7.654074400000001 45.058157)
IT-TO0813,,Biblioteca dell'Ente sviluppo agricolo del Piemonte,Via Petrarca 44,,10126.0,Torino,1272,Torino,PIEMONTE,1,+39 0116503503,+39 0116887758,,,POINT (7.6822027 45.0474953)
IT-TO0815,,Biblioteca scientifica dell'Istituto chirurgico ortopedico Regina Maria Adelaide,Lungo Dora Firenze 87,,10153.0,Torino,1272,Torino,PIEMONTE,1,+39 0112913304,+39 0112484006,,,POINT (7.6931308 45.07501060000001)
IT-TO0816,TO0GV,"Biblioteca della Soprintendenza Archeologia, belle arti e paesaggio per la città metropolitana di Torino",Via Accademia delle scienze 5,,10122.0,Torino,1272,Torino,PIEMONTE,1,+39 0115220441,,sabap-to.biblioteca@beniculturali.it,http://sabap-to.beniculturali.it/,POINT (7.685158499999943 45.0691061)
IT-TO0817,,"Biblioteca della Soprintendenza archeologia, belle arti e paesaggio per la città metropolitana di Torino. SPA ? Architettonica",Piazza San Giovanni 2,,10122.0,Torino,1272,Torino,PIEMONTE,1,+39 0115220403,+39 0114361484,sabap-to.biblioteca@beniculturali.it,http://sabap-to.beniculturali.it/,POINT (7.684911 45.072973)
IT-TO0818,,Biblioteca dell'Istituto di cosmo-geofisica,Corso Fiume 4,,10133.0,Torino,1272,Torino,PIEMONTE,1,+39 0116604064,+39 0116604056,,,POINT (7.693693400000001 45.0572404)
IT-TO0819,,Biblioteca dell'Istituto di ricerca sull'impresa e lo sviluppo - CERIS,Via A. Avogadro 8,,10121.0,Torino,1272,Torino,PIEMONTE,1,+39 0115601216,+39 0115626058,,,POINT (7.6698951 45.06704129999999)
IT-TO0820,UTOC0,Biblioteca G. Spezia del Dipartimento di Scienze della Terra dell'Università degli Studi di Torino,Via Valperga Caluso 35,,10125.0,Torino,1272,Torino,PIEMONTE,1,+39 0116705145,+39 0116705128,bibliospezia.dst@unito.it,https://www.bibliosdn.unito.it/it,POINT (7.681779300000001 45.0525564)
IT-TO0822,,Biblioteca del Dipartimento di ingegneria elettrica industriale - IEI del Politecnico di Torino,Corso Duca degli Abruzzi 24,,10129.0,Torino,1272,Torino,PIEMONTE,1,+39 0115647122,+39 0115647199,,,POINT (7.6624256 45.0624031)
IT-TO0829,,Biblioteca aziendale SEAT,Via Caprie 18,,10138.0,Torino,1272,Torino,PIEMONTE,1,+39 0114352569,,,,POINT (7.650458 45.0740701)
IT-TO0833,,"Biblioteca dell'Istituto zooprofilattico sperimentale del Piemonte, Liguria e Valle d'Aosta",Via Bologna 148,,10154.0,Torino,1272,Torino,PIEMONTE,1,+39 0112686233,+39 0112487770,,,POINT (7.703932099999999 45.0862289)
IT-TO0834,BCTTM,Biblioteca civica Dietrich Bonhoeffer,Corso Corsica 55,,10135.0,Torino,1272,Torino,PIEMONTE,1,+39 01101135990/92/94,+39 01101135993,biblioteca.bonhoeffer@comune.torino.it,http://www.comune.torino.it/cultura/biblioteche/sedi_orari/bonhoeffer.shtml,POINT (7.649886099999999 45.0278657)
IT-TO0835,BCTTN,Biblioteca civica Alessandro Passerin d'Entrèves,Via Guido Reni 102,,10136.0,Torino,1272,Torino,PIEMONTE,1,+39 01101135290,+39 01101135205,biblioteca.passerin@comune.torino.it,http://www.comune.torino.it/cultura/biblioteche/sedi_orari/passerin.shtml,POINT (7.62936973254091 45.048271839328)
IT-TO0836,BCTTO,Biblioteca civica della Casa circondariale Le Vallette,Via Pianezza 300,,10151.0,Torino,1272,Torino,PIEMONTE,1,+39 01157653900,,,http://www.comune.torino.it/cultura/biblioteche/sedi_orari/penitenziarie.shtml,POINT (7.6316899 45.0977334)
IT-TO0840,,Biblioteca del Centro italiano studio documentazione alpinismo extraeuropeo - CISDAE del Club alpino italiano - CAI,Via G. Giardino 39,,10131.0,Torino,1272,Torino,PIEMONTE,1,+39 0116604714,+39 0116604622,,,POINT (7.697432000000001 45.0598115)
IT-TO0841,,Biblioteca della Procura generale della Repubblica,Via Corte d'Appello 16,,10122.0,Torino,1272,Torino,PIEMONTE,1,+39 011530405,+39 011532070,,,POINT (7.679084700000001 45.0743714)
IT-TO0843,UTOD0,Biblioteca della Fondazione Carlo Donat Cattin,Via del Carmine 14,,10122.0,Torino,1272,Torino,PIEMONTE,1,+39 011542357,,biblioteca@fondazionedonatcattin.it,http://www.fondazionedonatcattin.it/?page_id=13,POINT (7.67466060000004 45.0762809)
IT-TO0844,,Biblioteca del Convento San Domenico,Via San Domenico 0,,10122.0,Torino,1272,Torino,PIEMONTE,1,+39 0114362237,+39 0114362237,,,POINT (7.676056299999999 45.076203)
IT-TO0845,,Biblioteca della Scuola di formazione per educatori professionali,Via Cottolengo 22,,10152.0,Torino,1272,Torino,PIEMONTE,1,+39 0115211965,+39 0114366050,,,POINT (7.678662299999999 45.0795731)
IT-TO0847,,Biblioteca dell'Istituto di medicina dello sport,Via Filadelfia 88,,10134.0,Torino,1272,Torino,PIEMONTE,1,+39 011396275,+39 011325003,,,POINT (7.6521992 45.0395704)
IT-TO0848,,Biblioteca del Centro italiano di collaborazione per lo sviluppo edilizio delle nazioni emergenti,Via Borgosesia 30,,10145.0,Torino,1272,Torino,PIEMONTE,1,+39 0117412435,+39 011745261,,,POINT (7.639883599999999 45.07746420000001)
IT-TO0849,,Biblioteca dell'Ospedale San Giovanni antica sede,Via Cavour 31,,10135.0,Torino,1272,Torino,PIEMONTE,1,+39 0115754820,,,,POINT (7.687877799999999 45.0635106)
IT-TO0850,,Biblioteca della Comunità impegno servizio volontariato,Corso Chieri 121/8,,10132.0,Torino,1272,Torino,PIEMONTE,1,+39 0118999352,+39 0118999046,,,POINT (7.7398609 45.061313)
IT-TO0851,,Biblioteca del centro di documentazione sul terzo mondo,Via Saluzzo 58,,10125.0,Torino,1272,Torino,PIEMONTE,1,+39 011655866,+39 0116698096,,,POINT (7.677104400000001 45.0541367)
IT-TO0852,,Biblioteca del Centro studi africani,Piazza San Giovanni,,10122.0,Torino,1272,Torino,PIEMONTE,1,+39 0114365006,+39 0114366044,,,POINT (7.684721400000001 45.0734136)
IT-TO0853,,"Biblioteca dell'Associazione di sostegno alla scuola di specializzazione in tecnologia, architettura e città nei paesi in via di sviluppo",Viale P. A. Mattioli 39,,10125.0,Torino,1272,Torino,PIEMONTE,1,+39 0115646439,+39 0115646442,,,POINT (7.684821899999999 45.053789)
IT-TO0854,,Biblioteca della Pretura circondariale di Torino - Sezioni penali,Piazza Palazzo di città 7,,10122.0,Torino,1272,Torino,PIEMONTE,1,+39 0114327111,+39 011546022,,,POINT (7.6817282 45.0730016)
IT-TO0855,,Biblioteca della Pretura civile,Via Corte d'appello 10,,10122.0,Torino,1272,Torino,PIEMONTE,1,+39 0114327111,+39 011546022,,,POINT (7.6803469 45.0739134)
IT-TO0856,,Biblioteca della Procura generale della Repubblica presso il tribunale,Via T. Tasso 1,,10122.0,Torino,1272,Torino,PIEMONTE,1,+39 0114361327,+39 0114360219,,,POINT (7.682116199999999 45.0740839)
IT-TO0857,,Biblioteca della Procura generale della Repubblica presso la pretura circondariale di Torino,Piazza Palazzo di città 7,,10122.0,Torino,1272,Torino,PIEMONTE,1,+39 0114328657,+39 0114328669,,,POINT (7.6817282 45.0730016)
IT-TO0858,TO1CF,Biblioteca del Centro culturale Pier Giorgio Frassati,Via delle Rosine 11,,10122.0,Torino,1272,Torino,PIEMONTE,1,+39 0118126601,,segreteria@centrofrassati.it,http://www.centrofrassati.it/servizi-offerti/la-biblioteca/,POINT (7.69105319999994 45.06447379999999)
IT-TO0859,,Biblioteca dell'Istituto di clinica chirurgica e terapia chirurgica della Facoltà di medicina e chirurgia dell'Università degli studi di Torino,Corso Dogliotti 14,,10126.0,Torino,1272,Torino,PIEMONTE,1,+39 0116963813,+39 0116635851,,,POINT (7.6764155 45.0412499)
IT-TO0861,,Biblioteca del Convento Santa Maria delle Rose,Via Rosario Santa Fe' 7,,10134.0,Torino,1272,Torino,PIEMONTE,1,+39 0113190306,,,,POINT (7.650277099999999 45.0351306)
IT-TO0862,,Biblioteca dell'archivio dell'Ospedale ostetrico-ginecologico Sant'Anna,Corso Spezia 60 - Via Ventimiglia 1,,10126.0,Torino,1272,Torino,PIEMONTE,1,+39 0116396399,,,,POINT (7.673252099999999 45.0360226)
IT-TO0864,,Biblioteca dell'Istituto superiore di organizzazione,Via Ventimiglia 201,,10127.0,Torino,1272,Torino,PIEMONTE,1,+39 011678397,+39 011679397,,,POINT (7.6673271 45.0203092)
IT-TO0865,,Biblioteca del Centro studi e ricerche Mario Pannunzio,Via Maria Vittoria 35/h,,10123.0,Torino,1272,Torino,PIEMONTE,1,+39 0118123023,+39 0118127779,,,POINT (7.6907164 45.0656686)
IT-TO0866,,Biblioteca provinciale OFM - Torino,"Via Sant'Antonio di Padova, 7",,10121.0,Torino,1272,Torino,PIEMONTE,1,+39 011.545493,+39 011.5631426,biblioteca@fratiminoripiemonte.org,http://www.fratiminoripiemonte.org,POINT (7.665611099999999 45.0687459)
IT-TO0867,,Biblioteca dell'Unione tipografica editrice torinese,Corso Raffaello 28,,10125.0,Torino,1272,Torino,PIEMONTE,1,+39 01165291,+39 0116529436,,,POINT (7.6800043 45.0509339)
IT-TO0868,,Biblioteca medica dell'Ospedale mauriziano Umberto I,Largo Turati 62,,10128.0,Torino,1272,Torino,PIEMONTE,1,+39 0115080464,+39 0115080293,,,POINT (7.665513499999999 45.0503085)
IT-TO0869,TO0UB,Biblioteca del Centro studi vietnamiti,Piazza Madama Cristina 5,,10125.0,Torino,1272,Torino,PIEMONTE,1,+39 0116699845,+39 0116502678,,,POINT (7.683818799999999 45.05851629999999)
IT-TO0870,TO0UV,Biblioteca della Fondazione Tancredi di Barolo,Via delle Orfane 7,,10122.0,Torino,1272,Torino,PIEMONTE,1,+39 0114369565,+39 0114310332,info@fondazionetancredidibarolo.it,,POINT (7.6786731 45.0746376)
IT-TO0871,,Biblioteca del Circolo degli artisti,Via Bogino 9,,10123.0,Torino,1272,Torino,PIEMONTE,1,+39 0118126480,,,,POINT (7.687601400000001 45.068515)
IT-TO0872,TO062,Biblioteca dell'Istituto sociale dei padri gesuiti,Corso Siracusa 10,,10136.0,Torino,1272,Torino,PIEMONTE,1,+39 011357835,+39 011327487,,,POINT (7.6345158 45.0547302)
IT-TO0873,TO087,Biblioteca dell'Istituto salesiano Valsalice,Viale E. Thovez 37,,10137.0,Torino,1272,Torino,PIEMONTE,1,+39 0116601066,,,,POINT (7.7025041 45.0539688)
IT-TO0878,,Biblioteca dell'Istituto dell'Atlante Linguistico Italiano dell'Università degli Studi di Torino,"Via Sant'Ottavio, 20",,10124.0,Torino,1272,Torino,PIEMONTE,1,+39 0116703635,,francesca.canzio@unito.it,,POINT (7.6940311 45.0680199)
IT-TO0880,TO0B0,Biblioteca di cultura del Collegio S. Giuseppe,Via S. Francesco di Paola 23,,10123.0,Torino,1272,Torino,PIEMONTE,1,+39 0118123250,+39 0118124295,,,POINT (7.6856007 45.0635565)
IT-TO0893,,Biblioteca della Congregazione delle Suore minime di Nostra Signora del Suffragio,Via S. Donato 31,,10144.0,Torino,1272,Torino,PIEMONTE,1,+39 011489145,,,,POINT (7.6628723 45.0810638)
IT-TO0895,BCTTP,Deposito centro-rete delle biblioteche civiche di Torino,"Via Frejus, 21",,10139.0,Torino,1272,Torino,PIEMONTE,1,+39 01101120651,,biblioteche.civiche@comune.torino.it,http://www.comune.torino.it/cultura/biblioteche/index/index.shtml,POINT (7.65073430000007 45.07091629999999)
IT-TO0901,BCTTI,Biblioteca civica Cesare Pavese,Via Candiolo 79,,10127.0,Torino,1272,Torino,PIEMONTE,1,+39 01101137080,+39 01101137089,biblioteca.pavese@comune.torino.it,http://www.comune.torino.it/cultura/biblioteche/sedi_orari/pavese.shtml,POINT (7.649050900000001 45.0157802)
IT-TO0902,BCTTV,Biblioteca civica Primo Levi,"Via Ruggero Leoncavallo, 17",,10154.0,Torino,1272,Torino,PIEMONTE,1,+39 01101131262,+39 01101131277,biblioteca.levi@comune.torino.it,http://www.comune.torino.it/cultura/biblioteche/sedi_orari/levi.shtml,POINT (7.69785076137691 45.0856132249121)
IT-TO0903,BCTTT,Punto prestito Gabriele D'Annunzio,Via G. Saccarelli 18,,10144.0,Torino,1272,Torino,PIEMONTE,1,+39 0114439350,,biblioteca.dannunzio@comune.torino.it,http://www.comune.torino.it/cultura/biblioteche/sedi_orari/dannunzio.shtml,POINT (7.6665577 45.0803971)
IT-TO0904,,Biblioteca dell'Istituto Francesco Faà di Bruno,Via S. Donato 31,,10144.0,Torino,1272,Torino,PIEMONTE,1,+39 011489145,+39 0114733201,centrostudi@faadibruni.it,,POINT (7.6628723 45.0810638)
IT-TO0906,TO0GT,Biblioteca della Fondazione Ariodante Fabretti,Corso Filippo Turati 11/C,,10121.0,Torino,1272,Torino,PIEMONTE,1,0115812314,,biblioteca@fondazionefabretti.it,http://www.fondazionefabretti.it,POINT (7.670114599999999 45.0542913)
IT-TO0922,TO0LW,Biblioteca del Centro regionale etnografico linguistico,Piazza Solferino 3,,10121.0,Torino,1272,Torino,PIEMONTE,1,+39 011537636,+39 011532468,,,POINT (7.6778704 45.0693526)
IT-TO0924,,Biblioteca Immagine per il Piemonte,Via A. Doria 9,,10123.0,Torino,1272,Torino,PIEMONTE,1,+39 0330635076,+39 0116613662,,,POINT (7.6828189 45.0640589)
IT-TO0927,TO0LS,Centro di documetazione della Fondazione Fitzcarraldo,Via Aosta 8,,10152.0,Torino,1272,Torino,PIEMONTE,1,+39 0115099247,+39 011503361,clelia.parvopasso@fitzcarraldo.it,http://www.fitzcarraldo.it,POINT (7.689128699999999 45.0814686)
IT-TO0939,,Centro di documentazione del Centro UNESCO,Viale Maestri del lavoro 10,,10127.0,Torino,1272,Torino,PIEMONTE,1,+39 0116965476,+39 0116936425,unesco@arpnet.it,http://www.arpnet.it/unesco,POINT (7.6711905 45.02073729999999)
IT-TO0954,UTOLC,Biblioteca Federata di Medicina - Polo Molinette,Corso Dogliotti 14,,10126.0,Torino,1272,Torino,PIEMONTE,1,+39 0116706669,+39 011 2361098,molinette.bfm@unito.it,,POINT (7.6764155 45.0412499)
IT-TO0962,BCTUJ,Biblioteca del Centro di documentazione storica,Via Verolengo 212,,10149.0,Torino,1272,Torino,PIEMONTE,1,+39 01101131619,,cds5@comune.torino.it,http://www.comune.torino.it/circ5/cm/pages/ServeBLOB.php/L/IT/IDPagina/91,POINT (7.6493829 45.0949881)
IT-TO0963,,Biblioteca - Centro di documentazione Franco Basaglia,Via S. Domenico 28,,10122.0,Torino,1272,Torino,PIEMONTE,1,+39 0114310518,+39 0114319742,casabordino@tin.it,http://www.casabordino.com/doc.asp?sm=doc&check=null,POINT (7.6765039 45.07606370000001)
IT-TO0964,TO0UP,Biblioteca del Centro studi cristiano - islamici F. Peirone,"Via Mercanti, 10",,10122.0,Torino,1272,Torino,PIEMONTE,1,+39 011.5612261,+39 011.5635015,info@centro-peirone.it,http://www.centro-peirone.it,POINT (7.680808800000019 45.0714096)
IT-TO0971,UTO50,Biblioteca A. Rosmini - Corsi di Laurea delle Professioni sanitarie - Azienda Ospedaliera Universitaria Città della Salute e della Scienza di Torino - Università degli Studi di Torino,Via Rosmini 4/a,,10126.0,Torino,1272,Torino,PIEMONTE,1,+39 0116708102,+39 0116708141,fcl-med-bib4@unito.it,http://www.lsmolinette.unito.it/biblioteca/biblioteca.htm,POINT (7.671872500000001 45.0490013)
IT-TO0975,TO0UE,Biblioteca Fondazione Mario Merz,"Via Limone, 24",,10141.0,Torino,1272,Torino,PIEMONTE,1,+39 0111979437,+39 01119719805,info@fondazionemerz.org,http://fondazionemerz.org,POINT (7.6425922 45.0619148)
IT-TO0978,,Biblioteca scolastica del Liceo scientifico statale Gino Segrè,Corso Alberto Picco 14,,10131.0,Torino,1272,Torino,PIEMONTE,1,,,,,POINT (7.709888 45.0611747)
IT-TO0980,,Biblioteca scolastica Casati,Corso Racconigi 31,,10139.0,Torino,1272,Torino,PIEMONTE,1,,,,,POINT (7.6471817 45.0715776)
IT-TO0990,BCTTW,Biblioteca del Centro interculturale della città di Torino,"Corso Taranto, 160",,10154.0,Torino,1272,Torino,PIEMONTE,1,+39 01101129752,+39 01101129729,centroic@comune.torino.it,http://www.interculturatorino.it/,POINT (7.71077660000003 45.0962314)
IT-TO0995,BCTT1,Punto di lettura Mausoleo della Bela Rosin,"Strada Castello di Mirafiori, 148/7",,10135.0,Torino,1272,Torino,PIEMONTE,1,,,mausoleo.belarosin@comune.torino.it,http://www.comune.torino.it/cultura/biblioteche/sedi_orari/mausoleo.shtml,POINT (7.637604960852059 45.01058277485579)
IT-TO0996,BCTT2,Punto di lettura Bibliovirle,via Virle 21a,,10138.0,Torino,1272,Torino,PIEMONTE,1,+39 0113199790,,,http://www.comune.torino.it/cultura/biblioteche/sedi_orari/puntiservizio.shtml,POINT (7.652109999999991 45.06721)
IT-TO0997,BCTT4,"Biblioteca ""Shahrazàd"" dell'Istituto comprensivo Manzoni","Via Madama Cristina, 41",,10125.0,Torino,1272,Torino,PIEMONTE,1,+39 0116699446,,,http://www.comune.torino.it/cultura/biblioteche/sedi_orari/puntiservizio.shtml,POINT (7.6812326 45.05534179999999)
IT-TO0999,BCTT5,Biblioteca civica Rita Atria,"Strada San Mauro, 26/A",,10156.0,Torino,1272,Torino,PIEMONTE,1,+39 01101129170,,biblioteca.ritaatria@comune.torino.it,http://www.comune.torino.it/cultura/biblioteche/sedi_orari/rita_atria.shtml,POINT (7.72606840000003 45.0996293)
IT-TO1006,PBEM6,Biblioteca dell'Istituto Suore di San Giuseppe,"via G. Giolitti, 29-31",,10123.0,Torino,1272,Torino,PIEMONTE,1,+39 011.8122590,,biblioteca.ssg@libero.it,http://www.istitutosuoredisangiuseppe.it,POINT (7.689769900000001 45.0642783)
IT-TO1007,BCTTR,Punto di lettura e prestito Cartiera,Via Fossano 8,,10144.0,Torino,1272,Torino,PIEMONTE,1,+39 0117608473,,biblioteca@cartiera.org,http://www.cartiera.org/biblioteca,POINT (7.661933800000041 45.0853839)
IT-TO1011,PBEM7,Biblioteca Provinciale Lasalliana,"Strada comunale S. Margherita, 132",,10131.0,Torino,1272,Torino,PIEMONTE,1,+39 011.8132901,+39 011.81329504,gabriele.pomatto@gmail.com,,POINT (7.707227499999999 45.0565027)
IT-TO1012,TO0YA,Biblioteca del Ce.Se.Di. della Città Metropolitana di Torino,Via Gaudenzio Ferrari 1,,10124.0,Torino,1272,Torino,PIEMONTE,1,+39 0118613605,,marco.crosio@cittametropolitana.torino.it,http://www.cittametropolitana.torino.it/istruzione/cesedi/,POINT (7.6919198 45.069864)
IT-TO1016,BCTT7,Biblioteca civica Natalia Ginzburg,"Via Cesare Lombroso, 16",,10125.0,Torino,1272,Torino,PIEMONTE,1,+39 01101137672,,biblioteca.ginzburg@comune.torino.it,http://www.comune.torino.it/cultura/biblioteche/sedi_orari/ginzburg.shtml,POINT (7.682781266270469 45.056232137372)
IT-TO1019,TO0YO,Biblioteca del Centro di Ricerche sulla Libera Muratoria - CRSL-M,"Piazza Vittorio Veneto, 19",,10124.0,Torino,1272,Torino,PIEMONTE,1,+39 0118177867,+39 0118125722,info@crsl-m.org,http://www.crsl-m.org/index.php,POINT (7.6963587 45.0648333)
IT-TO1020,UTOYP,Biblioteca Rete italiana di cultura popolare,Via del Carmine 14,,10122.0,Torino,1272,Torino,PIEMONTE,1,+39 3935766183,,biblioteca@reteitalianaculturapopolare.org,www.reteitalianaculturapopolare.org,POINT (7.67466060000004 45.0762809)
IT-TO1023,,Piccola Biblioteca Laica,"Via Vassalli Eandi, 28",,10138.0,Torino,1272,Torino,PIEMONTE,1,+39 011 0208500,+39 011 0208501,biblioteca@torinolaica.it,http://www.torinolaica.it/index.php,POINT (7.66124300000001 45.0751828)
IT-TO1203,UTOBB,Biblioteca Norberto Bobbio dell'Università degli Studi di Torino,"Lungo Dora Siena, 100A",,10153.0,Torino,1272,Torino,PIEMONTE,1,,,biblioteca.bobbio@unito.it,,POINT (7.70149660000004 45.0746826)
IT-TO1204,BCTT8,Biblioteca della Scuola Holden,"Piazza Borgo Dora, 49",,10152.0,Torino,1272,Torino,PIEMONTE,1,+39 011 6632812,,biblioteca@scuolaholden.it,http://www.scuolaholden.it/biblioteca/,POINT (7.683562747329691 45.0814113986575)
IT-TO1217,BCTCP,Biblioteca del Centro multimediale di documentazione pedagogica,Corso Francia 285,,10139.0,Torino,1272,Torino,PIEMONTE,1,+39 01101139206,,documentazione.memoria@comune.torino.it,http://www.comune.torino.it/centromultimediale/01_biblioteca.htm,POINT (7.626449471163941 45.0746435592754)
IT-TO1222,UTOAR,Biblioteca dell'Archivio Storico dell'Università degli studi di Torino,Via G. Verdi 8,,10124.0,Torino,1272,Torino,PIEMONTE,1,+39 0116704882,,asut@unito.it,http://www.archiviostorico.unito.it/it?,POINT (7.68900859999997 45.0696032)
IT-TO1230,BCTCM,Biblioteca e Centro di Documentazione Maurice GLBTQ,Via Stampatori 10,,10122.0,Torino,1272,Torino,PIEMONTE,1,+39 01119765594,,info@mauriceglbt.org,http://www.mauriceglbt.org/biblioteca-e-documentazione-maurice-glbtq/,POINT (7.67830498406147 45.0723779752648)
IT-TO1231,BCTUN,Biblioteca del Circolo Unicredit di Torino,Via Nizza 150,,10126.0,Torino,1272,Torino,PIEMONTE,1,+39 01119411081,,biblioteca@craltounicredit.it,http://www.craltounicredit.it,POINT (7.66992149999999 45.0398995)
IT-TO1233,,La Bi(m)blioteca - Scuola primaria Roberto D'Azeglio,Via Santorre di Santarosa 11,,10131.0,Torino,1272,Torino,PIEMONTE,1,+39 0118192681,+39 0118192681,segreteria.dd.dazeglio@gmail.com,http://www.scuolarobertodazeglio.gov.it,POINT (7.70157229999995 45.0624801)
IT-TO1234,,La Bi(m)blioteca - Scuola primaria Don Giovanni Bosco,Via Manara 10,,10131.0,Torino,1272,Torino,PIEMONTE,1,+39 0116601900,,segreteria.dd.dazeglio@gmail.com,http://www.scuolarobertodazeglio.gov.it,POINT (7.69381180000005 45.0561319)
IT-TO1235,,La Bi(m)blioteca - Scuola dell'infanzia Villa Genero,Strada Santa Margherita 77,,10131.0,Torino,1272,Torino,PIEMONTE,1,+39 0118193236,,segreteria.dd.dazeglio@gmail.com,http://www.scuolarobertodazeglio.gov.it,POINT (7.70933390000005 45.0561172)
IT-TO1236,UTO63,Bibllioteca della Fondazione 1563 per l'Arte e la Cultura,Piazza Bernini 5,,10138.0,Torino,1272,Torino,PIEMONTE,1,+39 0114401409,+39 0114401450,info@fondazione1563.it,http://archiviostorico.fondazione1563.it/,POINT (7.65648967539369 45.07535810599361)
IT-TO1239,,Biblioteca sarda Gramsci,Via Musinè 5,,10145.0,Torino,1272,Torino,PIEMONTE,1,+39 011740227,,info@associazionegramsci.it,http://associazionegramsci.org/,POINT (7.653500000000008 45.08103)
IT-TO1240,BCTUT,Punto di servizio bibliotecario I ragazzi e le ragazze di Utoya,Via Zumaglia 39,,10145.0,Torino,1272,Torino,PIEMONTE,1,+39 01101128485,,puntobibliotecario.utoya@comune.torino.it,http://www.comune.torino.it/cultura/biblioteche/sedi_orari/utoya.shtml,POINT (7.643690300000002 45.0801738)
IT-TO1242,BCTLA,Biblioteche delle donne di Làadan,Via Vanchiglia 3,,10124.0,Torino,1272,Torino,PIEMONTE,1,+39 0118122519,,bibliotechelaadan@gmail.com,http://www.laadan.it,POINT (7.696090000000026 45.0661759)
